{
    "camera_matrix": [
        [
            885.1582599200008,
            0.0,
            824.128875244588
        ],
        [
            0.0,
            885.1492387534418,
            612.2806525234329
        ],
        [
            0.0,
            0.0,
            1.0
        ]
    ],
    "distortion_coefficients": [
        [
            -0.13053092161670507,
            0.1091794786744843,
            -0.00018229616178197318,
            -0.0004352435249279177,
            0.0006846150851888795,
            0.17075814108199117,
            0.052276025911401645,
            0.026610053396313418
        ]
    ],
    "serial_number": "619453"
}